<?xml version="1.0" encoding="UTF-8"?>
<skin name="GC Buttons" author="eN-t" type="gamecube">

    <background name="GC Buttons" image="GCN_Buttons.png" />
	
	<stick xname="lstick_x" yname="lstick_y" image="Stick.png"
           x="29" y="30" width="60" height="60" xrange="30" yrange="30"/>

    <stick xname="cstick_x" yname="cstick_y" image="C-stick.png"
           x="310" y="39" width="42" height="42" xrange="32" yrange="32"/>

	<button name="l" image="L-all.png" x="126" y="0" width="35" height="35" />
	<button name="up" image="Dpad-Up.png" x="161" y="0" width="35" height="35" />
    <button name="y" image="Y.png" x="196" y="0" width="35" height="35" />
    <button name="r" image="R-all.png" x="231" y="0" width="35" height="35" />

	<button name="left" image="Dpad-Left.png" x="126" y="40" width="35" height="35" />
    <button name="b" image="B.png" x="161" y="40" width="35" height="35" />
    <button name="right" image="Dpad-Right.png" x="196" y="40" width="35" height="35" />
    <button name="x" image="X.png" x="231" y="40" width="35" height="35" />

    <button name="start" image="Start.png" x="126" y="80" width="35" height="35" />
    <button name="down" image="Dpad-Down.png" x="161" y="80" width="35" height="35" />
    <button name="a" image="A.png" x="196" y="80" width="35" height="35" />
    <button name="z" image="Z.png" x="231" y="80" width="35" height="35" />

</skin>